,coef,odds_ratio
edad,0.08418136218414375,1.0878261664489028
edad2,-0.0013492444432536108,0.9986516653777939
educ,-0.23764284576831254,0.7884842512975382
horastrab,-0.017852732351230267,0.9823056835552088
num_miembros_hogar,0.418012788402459,1.5189400990953326
intercept,0.004845178871568097,1.0048569357310768
