,precision,recall,f1-score,support
0,0.7738693467336684,0.9166666666666666,0.8392370572207084,168.0
1,0.6956521739130435,0.4155844155844156,0.5203252032520326,77.0
accuracy,0.7591836734693878,0.7591836734693878,0.7591836734693878,0.7591836734693878
macro avg,0.7347607603233559,0.6661255411255411,0.6797811302363705,245.0
weighted avg,0.749286806704329,0.7591836734693878,0.7390076174019817,245.0
